link,traffic,lastModDate,name
https://milania.de,1023,Check Date,milania.de
https://simonhessner.de,1664,Check Date,simonhessner.de
https://gearsi.de,1116,Check Date,gearsi.de
https://pa-photo.de,6283,2024-01-17,pa-photo.de
https://tinos-fotoblog.de,4509,Check Date,tinos-fotoblog.de
https://fishpepper.de,2225,Check Date,fishpepper.de
https://www.marlenehofmann.de,1633,Check Date,marlenehofmann.de
https://www.food-lifestyle-facts.de,4756,Check Date,food-lifestyle-facts.de
https://www.gourmetguerilla.de,9528,Check Date,gourmetguerilla.de
https://www.jurawiki.de,7127,Check Date,jurawiki.de
https://www.strafakte.de,8335,Check Date,strafakte.de
http://www.ehescheidung-stuttgart.de,2272,Check Date,ehescheidung-stuttgart.de
https://www.kanzlei-abmo.de,1840,Check Date,kanzlei-abmo.de
https://www.mainz-kwasniok.de,5083,Check Date,mainz-kwasniok.de
https://www.artberlin.de,6354,Check Date,artberlin.de
https://kingkunst.de,1430,Check Date,kingkunst.de
https://www.kuenstlerstreich.de,1205,Check Date,kuenstlerstreich.de
https://pink-training.de,2224,Check Date,pink-training.de
http://www.wissenschaft-technik-ethik.de,1103,Check Date,wissenschaft-technik-ethik.de
https://nichtnocheinreiseblog.de,1850,2023-01-11,nichtnocheinreiseblog.de
https://todaywetravel.de,1385,2018-09-28,todaywetravel.de
https://www.aktiv-mit-deutsch.de,6813,Check Date,aktiv-mit-deutsch.de
https://hersteller-spielfiguren.de,2984,Check Date,hersteller-spielfiguren.de
https://www.paradiesfutter.de,2073,Check Date,paradiesfutter.de
https://www.schwarzwald-informationen.de,8126,Check Date,schwarzwald-informationen.de
https://weltreise-berlin.de,1029,2020-01-03,weltreise-berlin.de
https://www.spainismore.de,3881,Check Date,spainismore.de
https://www.tobago-live.de,2198,Check Date,tobago-live.de
https://bareminds.de,4635,Check Date,bareminds.de
https://theoriginalcopy.de,2516,Check Date,theoriginalcopy.de
https://www.schessy.de,1472,Check Date,schessy.de
https://beautyressort.de,1930,Check Date,beautyressort.de
https://www.foodatacke.de,1410,Check Date,foodatacke.de
https://der-foodblog.de,4618,2020-02-12,der-foodblog.de
https://gekleckert.de,5659,2020-12-14,gekleckert.de
https://kleineprints.de,8871,Check Date,kleineprints.de
https://jussilicious-foodblog.de,7064,Check Date,jussilicious-foodblog.de
https://mimisfoodblog.de,3085,Check Date,mimisfoodblog.de
https://sconesandberries.de,4421,2022-10-10,sconesandberries.de
https://www.newkitchontheblog.de,5435,Check Date,newkitchontheblog.de
https://dimsumreisen.de,8944,2023-12-27,dimsumreisen.de
https://salzpfefferzucker.de,3948,2023-11-16,salzpfefferzucker.de
https://lalisagna.de,6674,2022-11-13,lalisagna.de