Name,Viewers,URL
generateclicks.de,3274,https://generateclicks.de
mygnu.de,1696,http://www.mygnu.de
dateneule.de,1287,https://www.dateneule.de
codefieber.de,1028,https://www.codefieber.de
control-led.de,1132,https://www.control-led.de
v-i-t-t-i.de,1416,https://v-i-t-t-i.de
codeadventurer.de,3779,http://www.codeadventurer.de
blog.impressive-it.de,1618,https://blog.impressive-it.de
objektiv-guide.de,9998,https://www.objektiv-guide.de
lichtfreibeuter.de,3550,http://www.lichtfreibeuter.de
wenndiekochtoepfereden.de,2523,http://wenndiekochtoepfereden.de
onfasu.de,6159,https://www.onfasu.de
kult-lampen.de,4560,https://www.kult-lampen.de
weg-zum-jagdschein.de,2087,https://weg-zum-jagdschein.de
meisengezwitscher-blog.de,2780,https://meisengezwitscher-blog.de
paulapuenktchen.de,1639,http://paulapuenktchen.de
blog.paper-friends.de,3510,http://blog.paper-friends.de
trashtortendesign.de,1959,http://trashtortendesign.de
dirk-trute.de,5559,https://www.dirk-trute.de
ciaochef.de,1772,https://ciaochef.de
annika-felber.de,1905,https://annika-felber.de
wakib.de,1975,https://wakib.de
wirkkommunikation.de,1278,http://www.wirkkommunikation.de
die-profiloptimierer.de,3873,https://www.die-profiloptimierer.de
silke-loers.de,3022,https://www.silke-loers.de
echt-gute-karten.de,2378,https://echt-gute-karten.de
atlas-sakrale-architektur.de,1195,https://atlas-sakrale-architektur.de
mexicorazon.de,1040,https://mexicorazon.de
cultura-lista.de,1351,https://cultura-lista.de
filmaffe.de,1767,http://filmaffe.de
filmverliebt.de,4799,http://www.filmverliebt.de
buchkammer.de,2090,http://www.buchkammer.de
zeitundgeister.de,1321,http://www.zeitundgeister.de
marius-tahira.de,1063,https://www.marius-tahira.de
nelehandwerker.de,1864,http://nelehandwerker.de
lebelieberliterarisch.de,1157,https://lebelieberliterarisch.de
literaturreich.de,4629,https://literaturreich.de
museek.de,1622,https://www.museek.de
bass-me-up.de,3089,https://bass-me-up.de
oljo.de,9049,http://www.oljo.de
hopfgitarren.de,1906,https://hopfgitarren.de
mamafreuden.de,2132,https://www.mamafreuden.de
fraufriede.de,2222,http://www.fraufriede.de
viktorjanke.de,2707,https://viktorjanke.de
freiheitsrebell.de,5947,https://freiheitsrebell.de
jananibe.de,3735,http://jananibe.de
clevermom.de,2660,https://clevermom.de
vegan-ist-online.de,2071,https://www.vegan-ist-online.de
unserbaublog.de,3607,https://unserbaublog.de
mannis-shoutbox.de,6145,https://mannis-shoutbox.de
deinelterngeld.de,6227,http://deinelterngeld.de
inventivo.de,4064,https://www.inventivo.de
gesundheitsweblog.de,1981,http://www.gesundheitsweblog.de
homegymler.de,6722,https://homegymler.de
crossfitmitschmackes.de,6365,https://crossfitmitschmackes.de
holisticfitness.de,4106,https://www.holisticfitness.de
bumfuzzled.de,1803,http://bumfuzzled.de
outdoorly.de,5237,https://outdoorly.de
dogs-consulting.de,3427,http://www.dogs-consulting.de
katzenminze24.de,3893,http://www.katzenminze24.de
reiterfragen.de,3828,https://reiterfragen.de
nobelfutter.de,5924,https://www.nobelfutter.de
dergrossartigehund.de,2342,https://dergrossartigehund.de
koenigsinvestor.de,1000,https://www.koenigsinvestor.de
die-volksbank-makler.de,1245,https://die-volksbank-makler.de
finanzmedicus.de,1078,https://finanzmedicus.de
clever-und-erfolgreich.de,1678,http://www.clever-und-erfolgreich.de
scheidtweiler-pr.de,1021,https://www.scheidtweiler-pr.de
holzwurm-page.de,4821,http://www.holzwurm-page.de
workshop-helden.de,8843,https://workshop-helden.de
blog-conny-dethloff.de,1422,http://blog-conny-dethloff.de
employer-branding-now.de,4517,https://www.employer-branding-now.de
fimanto.de,5256,https://www.fimanto.de
direkthaar.de,4164,https://direkthaar.de
womo-ohv.de,1079,https://womo-ohv.de
reparix.de,2238,https://www.reparix.de
platinwerk.de,2590,https://www.platinwerk.de
ig-influence.de,1314,https://ig-influence.de
ae-trade-online.de,2195,http://www.ae-trade-online.de
gxx-forum.de,1242,http://www.gxx-forum.de
amazing-lists.de,2606,https://amazing-lists.de
deindatingberater.de,2446,https://deindatingberater.de
kuestenkind-ahoi.de,3583,https://kuestenkind-ahoi.de
coffeeandamore.de,2082,https://www.coffeeandamore.de
harzer-wander-gui.de,7004,http://www.harzer-wander-gui.de
haus-und-beet.de,1775,https://haus-und-beet.de
allegriaslandhaus.de,2881,https://allegriaslandhaus.de
bowlsandbalance.de,2421,http://bowlsandbalance.de
spirituell-auf-deine-weise.de,3372,http://www.spirituell-auf-deine-weise.de
eine-hochzeit-planen.de,2548,https://www.eine-hochzeit-planen.de
lebensbewusst.de,1139,https://www.lebensbewusst.de
smort.de,4508,http://smort.de
leonneri.de,1092,http://www.leonneri.de
kfz-fragen.de,5079,http://www.kfz-fragen.de
geschenke-selbstgemacht.de,2621,https://www.geschenke-selbstgemacht.de
espresso-blogger.de,1047,http://www.espresso-blogger.de
gluthelden.de,9094,https://www.gluthelden.de
angebotsgerichte.de,3970,https://angebotsgerichte.de
chalapen.de,1207,https://www.chalapen.de
essensgut.de,3631,http://www.essensgut.de
voi-lecker.de,3410,http://www.voi-lecker.de
dieamethode.de,3296,http://dieamethode.de
asiaversum.de,3325,https://asiaversum.de