Name,Viewers,Last Updated,URL
espresso-kaffee-blog.de,4093,2016-10-12,""=HYPERLINK(""""https://www.espresso-kaffee-blog.de"""", """"https://www.espresso-kaffee-blog.de"""")""
phpgangsta.de,1082,2012-02-02,""=HYPERLINK(""""https://www.phpgangsta.de"""", """"https://www.phpgangsta.de"""")""
sylvis-blog.de,1111,2021-02-18,""=HYPERLINK(""""https://www.sylvis-blog.de"""", """"https://www.sylvis-blog.de"""")""
kabel-blog.de,2655,2016-04-07,""=HYPERLINK(""""https://www.kabel-blog.de"""", """"https://www.kabel-blog.de"""")""
serendipity-blog.de,2668,2023-04-27,""=HYPERLINK(""""https://www.serendipity-blog.de"""", """"https://www.serendipity-blog.de"""")""
fenster-profis.de,1134,2020-11-18,""=HYPERLINK(""""https://www.fenster-profis.de"""", """"https://www.fenster-profis.de"""")""
if-blog.de,3741,2019-07-09,""=HYPERLINK(""""https://www.if-blog.de"""", """"https://www.if-blog.de"""")""
meinlieblingsessen.de,2382,2017-07-18,""=HYPERLINK(""""https://www.meinlieblingsessen.de"""", """"https://www.meinlieblingsessen.de"""")""
kostenlose-javascripts.de,1665,2022-05-12,""=HYPERLINK(""""https://www.kostenlose-javascripts.de"""", """"https://www.kostenlose-javascripts.de"""")""
azoren-blog.de,1529,2014-07-01,""=HYPERLINK(""""https://www.azoren-blog.de"""", """"https://www.azoren-blog.de"""")""
blogaufbau.de,1623,2020-09-25,""=HYPERLINK(""""https://www.blogaufbau.de"""", """"https://www.blogaufbau.de"""")""
marktding.de,1103,2020-11-12,""=HYPERLINK(""""https://www.marktding.de"""", """"https://www.marktding.de"""")""
geekout.de,1212,2020-06-30,""=HYPERLINK(""""https://www.geekout.de"""", """"https://www.geekout.de"""")""
fitfuerjournalismus.de,1216,2016-01-02,""=HYPERLINK(""""https://www.fitfuerjournalismus.de"""", """"https://www.fitfuerjournalismus.de"""")""
kreativrauschen.de,2274,2020-12-12,""=HYPERLINK(""""https://www.kreativrauschen.de"""", """"https://www.kreativrauschen.de"""")""
eattrainlove.de,7011,2018-12-10,""=HYPERLINK(""""https://www.eattrainlove.de"""", """"https://www.eattrainlove.de"""")""
muenchen-querbeet.de,2564,2020-12-09,""=HYPERLINK(""""https://www.muenchen-querbeet.de"""", """"https://www.muenchen-querbeet.de"""")""
nuernberg-und-so.de,8202,2020-06-05,""=HYPERLINK(""""https://www.nuernberg-und-so.de"""", """"https://www.nuernberg-und-so.de"""")""
der-blasse-schimmer.de,1783,2019-05-01,""=HYPERLINK(""""https://www.der-blasse-schimmer.de"""", """"https://www.der-blasse-schimmer.de"""")""
botfrei.de,7929,2022-02-07,""=HYPERLINK(""""https://www.botfrei.de"""", """"https://www.botfrei.de"""")""
steinhoefel.de,5708,2014-10-26,""=HYPERLINK(""""https://www.steinhoefel.de"""", """"https://www.steinhoefel.de"""")""
lectiobrevior.de,1091,2022-10-08,""=HYPERLINK(""""https://www.lectiobrevior.de"""", """"https://www.lectiobrevior.de"""")""
flimmerblog.de,1063,2011-10-21,""=HYPERLINK(""""https://www.flimmerblog.de"""", """"https://www.flimmerblog.de"""")""
usabilityblog.de,3321,2017-09-05,""=HYPERLINK(""""https://www.usabilityblog.de"""", """"https://www.usabilityblog.de"""")""
fitness-in-kiel.de,2057,2023-11-15,""=HYPERLINK(""""https://www.fitness-in-kiel.de"""", """"https://www.fitness-in-kiel.de"""")""
runtheskyline.de,2062,2023-07-07,""=HYPERLINK(""""https://www.runtheskyline.de"""", """"https://www.runtheskyline.de"""")""
lebeblog.de,6905,2022-07-20,""=HYPERLINK(""""https://www.lebeblog.de"""", """"https://www.lebeblog.de"""")""
legasthenie-englisch.de,1177,2014-04-09,""=HYPERLINK(""""https://www.legasthenie-englisch.de"""", """"https://www.legasthenie-englisch.de"""")""
babykeks.de,3103,2015-09-06,""=HYPERLINK(""""https://www.babykeks.de"""", """"https://www.babykeks.de"""")""
netzwerk-immovielien.de,5647,2019-05-21,""=HYPERLINK(""""https://www.netzwerk-immovielien.de"""", """"https://www.netzwerk-immovielien.de"""")""
guido-conrad.de,2147,11/10/2022 22:24:51,""=HYPERLINK(""""https://www.guido-conrad.de"""", """"https://www.guido-conrad.de"""")""
revvet.de,4013,2018-05-24,""=HYPERLINK(""""https://www.revvet.de"""", """"https://www.revvet.de"""")""
kfiles.de,2022,02/16/2020 14:29:53,""=HYPERLINK(""""https://www.kfiles.de"""", """"https://www.kfiles.de"""")""
maxfrei-blog.de,1028,2021-03-08,""=HYPERLINK(""""https://www.maxfrei-blog.de"""", """"https://www.maxfrei-blog.de"""")""
mama-arbeitet.de,4942,2023-03-15,""=HYPERLINK(""""https://www.mama-arbeitet.de"""", """"https://www.mama-arbeitet.de"""")""
meingesundheitszentrum.de,1964,2020-05-28,""=HYPERLINK(""""https://meingesundheitszentrum.de"""", """"https://meingesundheitszentrum.de"""")""
reichdersterne.de,2070,03/19/2018 15:57:23,""=HYPERLINK(""""https://www.reichdersterne.de"""", """"https://www.reichdersterne.de"""")""
outdoorcamp.de,6032,2019-10-28,""=HYPERLINK(""""https://www.outdoorcamp.de"""", """"https://www.outdoorcamp.de"""")""
rheindrache.de,5203,2023-09-19,""=HYPERLINK(""""https://www.rheindrache.de"""", """"https://www.rheindrache.de"""")""
smartphone-mania.de,2207,2022-10-22,""=HYPERLINK(""""https://www.smartphone-mania.de"""", """"https://www.smartphone-mania.de"""")""
kokosnussblog.de,1376,2015-03-31,""=HYPERLINK(""""https://www.kokosnussblog.de"""", """"https://www.kokosnussblog.de"""")""
studilux.de,7157,2019-01-16,""=HYPERLINK(""""https://www.studilux.de"""", """"https://www.studilux.de"""")""
e11help.de,1039,2011-12-08,""=HYPERLINK(""""https://www.e11help.de"""", """"https://www.e11help.de"""")""
sattesache.de,4504,2020-03-23,""=HYPERLINK(""""https://www.sattesache.de"""", """"https://www.sattesache.de"""")""
semester-in-schottland.de,1085,2019-04-04,""=HYPERLINK(""""https://www.semester-in-schottland.de"""", """"https://www.semester-in-schottland.de"""")""
bob-food.de,1062,2019-01-05,""=HYPERLINK(""""https://www.bob-food.de"""", """"https://www.bob-food.de"""")""
frauwanderlust.de,2476,2019-11-09,""=HYPERLINK(""""https://www.frauwanderlust.de"""", """"https://www.frauwanderlust.de"""")""
foodilicious.de,1076,2021-10-21,""=HYPERLINK(""""https://www.foodilicious.de"""", """"https://www.foodilicious.de"""")""
soldato.de,2462,2019-10-25,""=HYPERLINK(""""https://www.soldato.de"""", """"https://www.soldato.de"""")""
gekleckert.de,3965,2020-12-14,""=HYPERLINK(""""https://www.gekleckert.de"""", """"https://www.gekleckert.de"""")""
herzensdialoge.de,2038,2023-07-06,""=HYPERLINK(""""https://www.herzensdialoge.de"""", """"https://www.herzensdialoge.de"""")""
myotherstories.de,7896,2023-04-26,""=HYPERLINK(""""https://www.myotherstories.de"""", """"https://www.myotherstories.de"""")""
urban-woodworking.de,1790,2022-12-19,""=HYPERLINK(""""https://www.urban-woodworking.de"""", """"https://www.urban-woodworking.de"""")""
chilis-grillen.de,6295,2021-05-25,""=HYPERLINK(""""https://www.chilis-grillen.de"""", """"https://www.chilis-grillen.de"""")""
generation-psy.de,1708,2023-10-31,""=HYPERLINK(""""https://www.generation-psy.de"""", """"https://www.generation-psy.de"""")""
tastentricks.de,1387,2023-07-18,""=HYPERLINK(""""https://www.tastentricks.de"""", """"https://www.tastentricks.de"""")""
kolumne24.de,1324,2014-08-20,""=HYPERLINK(""""https://www.kolumne24.de"""", """"https://www.kolumne24.de"""")""
travelpicture24.de,3129,2014-03-26,""=HYPERLINK(""""https://www.travelpicture24.de"""", """"https://www.travelpicture24.de"""")""
neuespotter.de,3884,2011-04-27,""=HYPERLINK(""""https://www.neuespotter.de"""", """"https://www.neuespotter.de"""")""
raddusch-spreewald.de,4947,2019-01-28,""=HYPERLINK(""""https://www.raddusch-spreewald.de"""", """"https://www.raddusch-spreewald.de"""")""
meeting-time.de,2142,2021-05-03,""=HYPERLINK(""""https://www.meeting-time.de"""", """"https://www.meeting-time.de"""")""
familien-essen.de,7877,2023-10-27,""=HYPERLINK(""""https://www.familien-essen.de"""", """"https://www.familien-essen.de"""")""
almablog.de,4743,2018-11-05,""=HYPERLINK(""""https://www.almablog.de"""", """"https://www.almablog.de"""")""
guidowackerbauer.de,1090,2023-05-21,""=HYPERLINK(""""https://www.guidowackerbauer.de"""", """"https://www.guidowackerbauer.de"""")""
nutrilicious.de,3422,2021-04-08,""=HYPERLINK(""""https://www.nutrilicious.de"""", """"https://www.nutrilicious.de"""")""
thediywoman.de,3953,2020-02-05,""=HYPERLINK(""""https://www.thediywoman.de"""", """"https://www.thediywoman.de"""")""
stammbaum-manufaktur.de,1032,2021-02-22,""=HYPERLINK(""""https://www.stammbaum-manufaktur.de"""", """"https://www.stammbaum-manufaktur.de"""")""
indibit.de,4241,2022-01-03,""=HYPERLINK(""""https://www.indibit.de"""", """"https://www.indibit.de"""")""
menstruationstasse-maedels.de,4431,2023-06-21,""=HYPERLINK(""""https://www.menstruationstasse-maedels.de"""", """"https://www.menstruationstasse-maedels.de"""")""
alles-dog.de,3847,2020-07-05,""=HYPERLINK(""""https://www.alles-dog.de"""", """"https://www.alles-dog.de"""")""
wanderungen-und-abenteuer.de,1638,2022-11-26,""=HYPERLINK(""""https://www.wanderungen-und-abenteuer.de"""", """"https://www.wanderungen-und-abenteuer.de"""")""
liebe-zur-hochzeit.de,6512,2023-09-18,""=HYPERLINK(""""https://www.liebe-zur-hochzeit.de"""", """"https://www.liebe-zur-hochzeit.de"""")""
japan-in-muenchen.de,1108,2023-08-26,""=HYPERLINK(""""https://www.japan-in-muenchen.de"""", """"https://www.japan-in-muenchen.de"""")""
melonengarten.de,2695,2020-03-04,""=HYPERLINK(""""https://www.melonengarten.de"""", """"https://www.melonengarten.de"""")""
strickblog.de,4112,2023-11-01,""=HYPERLINK(""""https://www.strickblog.de"""", """"https://www.strickblog.de"""")""
shutuplegs.de,2210,2016-11-29,""=HYPERLINK(""""https://www.shutuplegs.de"""", """"https://www.shutuplegs.de"""")""
gingeredthings.de,5859,2021-01-03,""=HYPERLINK(""""https://www.gingeredthings.de"""", """"https://www.gingeredthings.de"""")""
reisegabel.de,3361,2020-04-15,""=HYPERLINK(""""https://www.reisegabel.de"""", """"https://www.reisegabel.de"""")""
reisegeek.de,4811,2022-08-01,""=HYPERLINK(""""https://www.reisegeek.de"""", """"https://www.reisegeek.de"""")""
kreativoderprimitiv.de,3002,2021-04-03,""=HYPERLINK(""""https://www.kreativoderprimitiv.de"""", """"https://www.kreativoderprimitiv.de"""")""
gelbkariert.de,1099,2023-01-11,""=HYPERLINK(""""https://www.gelbkariert.de"""", """"https://www.gelbkariert.de"""")""
sportwagen-kaufen.de,3817,2021-01-15,""=HYPERLINK(""""https://www.sportwagen-kaufen.de"""", """"https://www.sportwagen-kaufen.de"""")""
gothaer2know.de,6606,2021-03-11,""=HYPERLINK(""""https://www.gothaer2know.de"""", """"https://www.gothaer2know.de"""")""
foto-dysein.de,2141,2017-05-07,""=HYPERLINK(""""https://www.foto-dysein.de"""", """"https://www.foto-dysein.de"""")""
symbology.de,2301,2023-04-10,""=HYPERLINK(""""https://www.symbology.de"""", """"https://www.symbology.de"""")""
sdrb.de,1325,2023-07-20,""=HYPERLINK(""""https://www.sdrb.de"""", """"https://www.sdrb.de"""")""
loreleyinfo.de,3176,2022-06-22,""=HYPERLINK(""""https://www.loreleyinfo.de"""", """"https://www.loreleyinfo.de"""")""
leuchttage.de,1044,2020-10-11,""=HYPERLINK(""""https://www.leuchttage.de"""", """"https://www.leuchttage.de"""")""
outdoorsucht.de,8260,2014-11-05,""=HYPERLINK(""""https://www.outdoorsucht.de"""", """"https://www.outdoorsucht.de"""")""
pedelec-biker.de,1321,2019-11-26,""=HYPERLINK(""""https://www.pedelec-biker.de"""", """"https://www.pedelec-biker.de"""")""
travelsporteve.de,2535,2020-10-14,""=HYPERLINK(""""https://www.travelsporteve.de"""", """"https://www.travelsporteve.de"""")""
gitarrenratgeber.de,1533,2020-09-02,""=HYPERLINK(""""https://www.gitarrenratgeber.de"""", """"https://www.gitarrenratgeber.de"""")""
rock-the-kitchen.de,2039,2020-10-04,""=HYPERLINK(""""https://www.rock-the-kitchen.de"""", """"https://https://www.rock-the-kitchen.de"""")""
gundiontour.de,2380,2023-10-25,""=HYPERLINK(""""https://www.gundiontour.de"""", """"https://www.gundiontour.de"""")""
biotopicafarm.de,4507,2022-07-26,""=HYPERLINK(""""https://www.biotopicafarm.de"""", """"https://www.biotopicafarm.de"""")""
happybackpacker.de,8721,2023-08-30,""=HYPERLINK(""""https://www.happybackpacker.de"""", """"https://www.happybackpacker.de"""")""
carinaontour.de,1539,2021-08-01,""=HYPERLINK(""""https://www.carinaontour.de"""", """"https://www.carinaontour.de"""")""